<metadata>
	<name>car1</name>
	<model>Toyota Yaris</model>
	<images>
		<overview>
			<front>
				<name>car1.jpg</name>
				<x>100</x>
				<y>-170</y>
				<z>130</z>
				<normal>
					<x>0</x>
					<y>1</y>
					<z>0</z>
				</normal>
			</front>
			<left>
				<name>car2.jpg</name>
				<x>-279</x>
				<y>220</y>
				<z>130</z>
				<normal>
					<x>1</x>
					<y>0</y>
					<z>0</z>
				</normal>
			</left>
			<back>
				<name>car3.jpg</name>
				<x>100</x>
				<y>-170</y>
				<z>130</z>
				<normal>
					<x>0</x>
					<y>-1</y>
					<z>0</z>
				</normal>
			</back>
			<right>
				<name>car4.jpg</name>
				<x>470</x>
				<y>220</y>
				<z>130</z>
				<normal>
					<x>-1</x>
					<y>0</y>
					<z>0</z>
				</normal>
			</right>
			<top>
				<name>car5.jpg</name>
				<x>100</x>
				<y>220</y>
				<z>340</z>
				<normal>
					<x>0</x>
					<y>0</y>
					<z>-1</z>
				</normal>
			</top>
		</overview>
		<closeup>
			<image>
				<name>defect1.jpg</name>
				<x>0</x>
				<y>160</y>
				<z>153</z>
				<normal>
					<x>1</x>
					<y>0</y>
					<z>0</z>
				</normal>
			</image>
			<image>
				<name>defect2.jpg</name>
				<x>190</x>
				<y>230</y>
				<z>120</z>
				<normal>
					<x>-1</x>
					<y>0</y>
					<z>0</z>
				</normal>
			</image>
			<image>
				<name>defect3.jpg</name>
				<x>0</x>
				<y>155</y>
				<z>153</z>
				<normal>
					<x>1</x>
					<y>0</y>
					<z>0</z>
				</normal>
			</image>
			<image>
				<name>defect4.jpg</name>
				<x>30</x>
				<y>155</y>
				<z>153</z>
				<normal>
					<x>0</x>
					<y>1</y>
					<z>0</z>
				</normal>
			</image>
		</closeup>
	</images>
</metadata>